X,Y,OBJECTID,OwnerName,BusinessName,Address,Suite,City,State,Zip,PhoneNumber,BusinessType
3703270.68495722,515726.661575899,467204,ARAMIX INC.,A & J'S MART,5163 GENERAL DE GAULLE DR,,NEW ORLEANS,LA,70131,504-394-4410,1101 - CONVENIENCE STORES
3683387.55740072,536056.503462061,467205,A & M FOOD STORE LLC,A & M FOOD STORE,1741 MCSHANE PL,,NEW ORLEANS,LA,70116,,1106 - GROCERY (EXC CONVENIENCE) STORES
3678691.81679222,530187.70942539,467206,"LISA & LIZ, CORP        NGUYEN, BA V",ADAMS FOOD STORE #3,3001 BIENVILLE ST,,NEW ORLEANS,LA,70119-5401,504-861-1120,1101 - CONVENIENCE STORES
3663407.03141697,527701.277718484,467207,B & N FOOD STORE INC,ADAMS STREET GROCERY,1309 ADAMS ST,,NEW ORLEANS,LA,70118,,1101 - CONVENIENCE STORES
3671592.26471838,529440.619712234,467208,"ZEYNA, LLC",AEREN'S SUPERMARKET,3911 WASHINGTON AVE,,NEW ORLEANS,LA,70125,504-302-9875,1106 - GROCERY (EXC CONVENIENCE) STORES
3702954.0382808,515940.774336651,467209,"ALG DISCOUNT, LLC",ALG DISCOUNT,5101 GENERAL DE GAULLE DR,,NEW ORLEANS,LA,70131,504-253-1254,1101 - CONVENIENCE STORES
3686600.10018823,528375.215018898,467210,"ALGIERS CENTRAL,INC",ALGIERS CENTRAL MARKET,840 TECHE ST,,NEW ORLEANS,LA,70114,504-366-3221,1106 - GROCERY (EXC CONVENIENCE) STORES
3697022.7214033,525580.099218056,467211,ALGIERS DISCOUNT FOOD STORE INC,ALGIERS DISCOUNT FOOD STORE,3549 GENERAL MEYER AVE,,NEW ORLEANS,LA,70114,,1106 - GROCERY (EXC CONVENIENCE) STORES
3702954.0382808,515940.774336651,467212,ALGIERS FUEL DISCOUNT LLC,ALGIERS FUEL DISCOUNT LLC,5101 GENERAL DE GAULLE DR,,NEW ORLEANS,LA,70131,,1101 - CONVENIENCE STORES
3695846.05479339,526198.964450151,467213,"ALGIERS SUPERMARKET,LLC",ALGIERS SUPERMARKET,3141 GENERAL MEYER AVE,,NEW ORLEANS,LA,70114,,1106 - GROCERY (EXC CONVENIENCE) STORES
3684535.53935672,533563.925770059,467214,ALTALIEH CONVENIENCE LLC,ALTALIEH CONVENIENCE,87 FRENCH MARKET PL,,NEW ORLEANS,LA,70116,504-339-8438,1101 - CONVENIENCE STORES
3678691.81679222,530187.70942539,467215,"HESS WAYNE B            ENGERON, DANIEL J",AMERICAN SEAFOOD INC,3034 HAVANA ST,,NEW ORLEANS,LA,70122,,0135 - FISH & SEAFOOD WHLSRS
3681270.00356497,531640.161572978,467216,ARNAUD'S FOOD COMPANY IN,ARNAUD'S FOOD COMPANY'S  INC,813 BIENVILLE ST,,NEW ORLEANS,LA,70112,504-523-5433,"0138 - GROCERY & RELATED PRDCTS WHLSRS, OTH"
3671494.95356131,518881.357366234,467217,REDZONE MAGAZINE,AVENUE MART LLC,4237 MAGAZINE ST,,NEW ORLEANS,LA,70115,(504899-8579,1101 - CONVENIENCE STORES
3683162.43744414,535610.629025728,467218,THE ORANGE STORE,AYYAD RAMPART,1700 N RAMPART ST,,NEW ORLEANS,LA,70116,,1101 - CONVENIENCE STORES
3682006.9325373,521971.240622148,467219,"AZ EXPRESS,LLC",AZ EXPRESS,1667 TCHOUPITOULAS ST,,NEW ORLEANS,LA,70130,,1101 - CONVENIENCE STORES
3679603.08235814,521687.948865891,467220,JOSEPHINE FOOD STORE LLC,B & S FOOD STORE,842 JOSEPHINE ST,,NEW ORLEANS,LA,70130,,1106 - GROCERY (EXC CONVENIENCE) STORES
3673749.67444555,522208.005896643,467221,BACK ON THE AVENUE LLC,BACK ON THE AVENUE,3401 BARONNE ST,,NEW ORLEANS,LA,70115,,1106 - GROCERY (EXC CONVENIENCE) STORES
3674648.81766039,534310.569946066,467222,"JADE, INC",BANKS MEAT MARKET,325 S BROAD ST,,NEW ORLEANS,LA,70119,504-822-9004,1103 - MEAT MARKETS
3674150.4403763,518267.394355312,467223,"BARCIA'S GROCERY INC    ORGANO, ANN B",BARCIA'S GROCERY INC,3633 ANNUNCIATION ST,,NEW ORLEANS,LA,70115,504-899-9111,1101 - CONVENIENCE STORES
3680172.49263664,532376.166990727,467224,BASIN SUPERMARKET INC,BASIN SUPERMARKET,237 BASIN ST,,NEW ORLEANS,LA,70112,504-522-7947,1101 - CONVENIENCE STORES
3676387.47953738,527225.486019149,467225,"NGA, INC",BAYOU FOOD STORE OF N. O,2432 MARTIN LUTHER KING JR BLVD,,NEW ORLEANS,LA,70113,504-522-1004,1101 - CONVENIENCE STORES
3680211.0325858,531291.167848393,467226,"MAGNOLIA ENTERPRISES, INC.",BAYOU GIFTS,1000 CANAL ST,,NEW ORLEANS,LA,70130,,"1110 - BEER, WINE & LIQUOR STORES"
3696919.80067739,514982.231306225,467227,BEHRMAN CAJUN SEAFOOD   INC,BEHRMAN CAJUN SEAFOOD,4021 BEHRMAN HWY,C,NEW ORLEANS,LA,70114,504-813-3986,1104 - FISH & SEAFOOD MARKETS
3708245.34790814,520085.194853559,467228,"BENN, KERMIT",BENNS GROCERY,6445 ISADORE ST,,NEW ORLEANS,LA,70131,504-394-5800,1101 - CONVENIENCE STORES
3759988.7883843,574404.778143317,467229,BIG BOY DISTRIBUTORS LLC,BIG BOY DISTRIBUTORS,4441 SAN GIORGIO ST,,NEW ORLEANS,LA,70129,504-628-5689,"0138 - GROCERY & RELATED PRDCTS WHLSRS, OTH"
3683031.20870396,531719.273619473,467230,BIG EASY MARDI GRAS CO LLC,BIG EASY MARDI GRAS CO,600 DECATUR ST,,NEW ORLEANS,LA,70130,504-524-4729,1101 - CONVENIENCE STORES
3686020.73881413,546574.132361144,467231,"BIG EASY POBOY & SEAFOOD, LLC",BIG EASY POBOY & SEAFOOD,3700 CLEMATIS ST,,NEW ORLEANS,LA,70122,,1106 - GROCERY (EXC CONVENIENCE) STORES
3688287.39865088,548655.776163727,467232,"BOILING POT AT GENTILLY,LLC",BOILING POT AT GENTILLY,3868 GENTILLY BLVD,,NEW ORLEANS,LA,70122,,1101 - CONVENIENCE STORES
3675393.64097388,519997.604805648,467233,BREAUX MART SUPERMARKETS INC,BREAUX MART SUPERMARKETS,3233 MAGAZINE ST,,NEW ORLEANS,LA,70115,,1106 - GROCERY (EXC CONVENIENCE) STORES
3674725.72859581,534147.813381806,467234,HOANG AN INC,BROAD & BANKS SEAFOOD,342 S BROAD ST,,NEW ORLEANS,LA,70119,,1106 - GROCERY (EXC CONVENIENCE) STORES
3678652.34639873,539446.048192143,467235,"DON DO, INC",BROADVIEW SEAFOOD,1468 N BROAD ST,,NEW ORLEANS,LA,70119,504-945-2118,1104 - FISH & SEAFOOD MARKETS
3666277.7159643,529550.944622815,467236,BWC INC,BROADWAY FOOD STORE,2223 BROADWAY ST,,NEW ORLEANS,LA,70118-5409,504-861-0505,1101 - CONVENIENCE STORES
3682335.81114464,541247.649247721,467237,COUSIN'S FOODMART INC.,BROOKS GROCERY,2434 ALLEN ST,,NEW ORLEANS,LA,70119,,1106 - GROCERY (EXC CONVENIENCE) STORES
3674317.21104014,522823.930845901,467238,"PARKS, EDWARD",BROTHER CORNER GROCERY,3201 DRYADES ST,,NEW ORLEANS,LA,70115,504-891-0275,1101 - CONVENIENCE STORES
3697320.45145088,520253.143008471,467239,"EXXON GENERAL DEGAULLE, LLC",BROTHER FOOD MART NO. 136,3622 GENERAL DE GAULLE DR,,NEW ORLEANS,LA,70114,504-366-2413,1101 - CONVENIENCE STORES
3696434.01424739,534084.16521515,467240,ST. CLAUDE DISCOUNT LLC,BROTHER'S ST CLAUDE,5104 ST CLAUDE AVE,A,NEW ORLEANS,LA,70117,504-220-3777,1101 - CONVENIENCE STORES
3675899.01529121,527701.752126977,467241,AZZAM INC,BROTHERS DISCOUNT,2701 MARTIN LUTHER KING JR BLVD,,NEW ORLEANS,LA,70113,504-525-5300,1101 - CONVENIENCE STORES
3705377.63021839,558023.320420727,467242,CROWDER BROTHERS LLC,BROTHERS FOOD MART  NO 132,5701 CROWDER BLVD,,NEW ORLEANS,LA,70127,504-366-2413,1101 - CONVENIENCE STORES
3680660.56055814,530506.470598891,467243,"148 CARONDELET STREET,LLC",BROTHERS FOOD MART 109,148 CARONDELET ST,,NEW ORLEANS,LA,70130,,1106 - GROCERY (EXC CONVENIENCE) STORES
3691331.98803413,527855.937186062,467244,NEWTON BROTHERS INC,BROTHERS FOOD MART NO 122,1926 NEWTON ST,,NEW ORLEANS,LA,70114,504-366-2413,1101 - CONVENIENCE STORES
3714772.26923747,565501.190963641,467245,BULLARD BROTHERS NO 127 LLC,BROTHERS FOOD MART NO 127,7001 BULLARD AVE,,NEW ORLEANS,LA,70128,,1101 - CONVENIENCE STORES
3687222.37978356,537639.051149979,467246,BROTHERS FRANKLIN INC,BROTHERS FRANKLIN,2509 N VILLERE ST,,NEW ORLEANS,LA,70117,504-495-3342,1101 - CONVENIENCE STORES
3672034.31567155,534820.524634808,467247,NEW CITY MART LLC,BROWN DERBY #3,3326 TULANE AVE,,NEW ORLEANS,LA,70119,504-827-7899,1101 - CONVENIENCE STORES
3685999.82054889,546811.502621308,467248,SANAD LLC,BROWN DERBY #4,3737 CLEMATIS ST,,NEW ORLEANS,LA,70122,,1105 - FULL SVC RESTAURANTS (TABLE SERVICE)
3665535.74271072,526090.779955223,467249,SODEXO MANAGEMENT INC,BRUFF STUFF,31 MCALISTER DR,,NEW ORLEANS,LA,70118,504-865-5293,1101 - CONVENIENCE STORES
3678691.81679222,530187.70942539,467250,KEITH BUNN,BUNN'S GROCERY,2438 BIENVILLE ST,,NEW ORLEANS,LA,70119,,1101 - CONVENIENCE STORES
3677875.4329263,536272.20611465,467251,ABUALI FADI A,BUSY BEE FOOD STORE,2401 ORLEANS AVE,A,NEW ORLEANS,LA,70119-5027,504-821-5586,1101 - CONVENIENCE STORES
3682054.79530247,529897.078444973,467252,DEEP SOUTH GROCERY CO IN,CAJUN COUNTRY STORE,400 CANAL ST,,NEW ORLEANS,LA,70130,504-586-8753,1101 - CONVENIENCE STORES
3671325.76393905,529719.776306137,467253,"TIEN & TUYET, INC",CAJUN SEAFOOD,2730 S BROAD ST,,NEW ORLEANS,LA,70125,504-822-6185,1104 - FISH & SEAFOOD MARKETS
3709784.83957981,562032.053873062,467254,"CAJUN SEAFOOD #4,LLC",CAJUN SEAFOOD #4,7020 READ BLVD,,NEW ORLEANS,LA,70127,504-241-1396,1106 - GROCERY (EXC CONVENIENCE) STORES
3687931.21104306,539491.922444224,467255,RACHEL SEAFOOD INC,CAJUN SEAFOOD 2,1901 ALMONASTER AVE,,NEW ORLEANS,LA,70117,504-945-5447,1101 - CONVENIENCE STORES
3678554.5142453,535762.628065556,467256,CAJUN ORLEANS LLC,CAJUN WILLS,2127 ORLEANS AVE,,NEW ORLEANS,LA,70116,504-821-6386,1106 - GROCERY (EXC CONVENIENCE) STORES
3678691.81679222,530187.70942539,467257,CANAL FUEL MART INC,CANAL FUEL MART,4701 CANAL STREET,,NEW ORLEANS,LA,70119,,1106 - GROCERY (EXC CONVENIENCE) STORES
3675230.76728389,535093.289181143,467258,VIENNE ENTERPRISE LLC,CANAL MART & EATERY,2700 CANAL ST,A,NEW ORLEANS,LA,70119,504-821-7730,1101 - CONVENIENCE STORES
3678691.81679222,530187.70942539,467259,CANSECO'S CARROLLTON MARKET LLC,CANSECO'S CARROLLTON MARKET,1133 S CARROLLTON AVE AVE,,NEW ORLEANS,LA,70118,,1106 - GROCERY (EXC CONVENIENCE) STORES
3683864.05251072,552205.810402229,467260,"CANSECO'S ELYSIAN FIELDS, LLC",CANSECO'S ELYSIAN FIELDS,5217 ELYSIAN FIELDS AVE,,NEW ORLEANS,LA,70122,504-304-9805,1106 - GROCERY (EXC CONVENIENCE) STORES
3676200.56882197,540575.331694722,467261,CANSECO'S ESPLANADE LLC,CANSECO'S ESPLANADE MARKET,3135 ESPLANADE AVE,,NEW ORLEANS,LA,70119,504-322-2594,1106 - GROCERY (EXC CONVENIENCE) STORES
3689504.71741048,535828.199456722,467262,"VU & SONS, LLC",CAPTAIN SAL'S SEAFOOD & CHICKEN,3168 ST CLAUDE AVE,,NEW ORLEANS,LA,70117,,1104 - FISH & SEAFOOD MARKETS
3709284.21722147,566825.118433893,467263,CASTNET SEAFOOD INC,CASTNET,10826 HAYNE BLVD,,NEW ORLEANS,LA,70127,,1104 - FISH & SEAFOOD MARKETS
3673899.24009131,525665.282774732,467264,"CENTRAL CITY GROCERY #3, INC.",CENTRAL CITY GROCERY #3,2611 WASHINGTON AVE,,NEW ORLEANS,LA,70113,,1101 - CONVENIENCE STORES
3683710.8720428,532757.097987399,467265,CENTRAL GROCERY CO. LLC,CENTRAL GROCERY CO.,923 DECATUR ST,,NEW ORLEANS,LA,70116,504-523-1620,1101 - CONVENIENCE STORES
3725700.88550355,559802.700064063,467266,"TRAN FAMILY VENTURES, LLC",CHEF CHEVRON,13301 CHEF MENTEUR HWY,,NEW ORLEANS,LA,70129,504-254-8984,1101 - CONVENIENCE STORES
3715583.61079064,555746.69603698,467267,"AMA DISCOUNT, INC",CHEF DISCOUNT MARKET,10833 CHEF MENTEUR HWY,,NEW ORLEANS,LA,70127,504-329-8179,1106 - GROCERY (EXC CONVENIENCE) STORES
3699508.90376689,552044.074177146,467268,CHEF FUEL LLC,CHEF FUEL LLC,6711 CHEF MENTEUR HWY,,NEW ORLEANS,LA,70126,,1101 - CONVENIENCE STORES
3765454.31879181,574701.903205231,467269,"LOUIS VIAVANT BOAT HARBOVIAVANT, GEORGE L",CHEF HARBOR,21135 CHEF MENTEUR HWY,,NEW ORLEANS,LA,70129,504-662-5511,"1111 - SPECIALTY FOOD STORES, ALL OTHER"
3730758.65425938,561362.342942148,467270,"CHEF MARKET,LLC",CHEF MARKET,14400 CHEF MENTEUR HWY,,NEW ORLEANS,LA,70129,,1101 - CONVENIENCE STORES
3676179.96814139,525367.876545399,467271,"CHICKEN MART, INC",CHICKEN MART,2200 SIMON BOLIVAR AVE,,NEW ORLEANS,LA,70113,504-522-8893,1103 - MEAT MARKETS
3698138.42159972,533844.977373317,467272,CHICKEN MART II LLC,CHICKEN MART II,5601 ST CLAUDE AVE,,NEW ORLEANS,LA,70117,,1103 - MEAT MARKETS
3680972.23644397,522155.822930142,467273,KAWTHAR ESMAIL,CHIPPEWA FOOD STORE,1684 CHIPPEWA ST,,NEW ORLEANS,LA,70130,,1101 - CONVENIENCE STORES
3666616.0046578,549355.14845264,467274,CHRIS SPECIALTY FOODS LLC,CHRIS SPECIALTY FOODS,6251 WEST END BLVD,,NEW ORLEANS,LA,70124,,1103 - MEAT MARKETS
3676983.25524873,520833.333777234,467275,THUMBS UP RACE TWELVE LLC,CIEL MARKET,2801 MAGAZINE ST,STE. 4,NEW ORLEANS,LA,70115,,1101 - CONVENIENCE STORES
3663093.39982639,524744.202923983,467276,"THUMBS UP RACE 8, LLC.",CIEL MARKET,7133 ST CHARLES AVE,,NEW ORLEANS,LA,70118,,1101 - CONVENIENCE STORES
3681968.86338772,538024.026429892,467277,LAYLA LLC,CIRCLE H MEAT MARKET,1600 ST BERNARD AVE,,NEW ORLEANS,LA,70116,,1103 - MEAT MARKETS
3679930.89699122,527142.464531645,467278,"CIRCLE K STORES, INC.",CIRCLE K #2707672,704 HOWARD AVE,,NEW ORLEANS,LA,70130,504-586-3042,1101 - CONVENIENCE STORES
3668191.04350246,534912.625172392,467279,"CIRCLE K STORES, INC.",CIRCLE K #2707673,3725 S CARROLLTON AVE,,NEW ORLEANS,LA,70118,504-486-8377,1101 - CONVENIENCE STORES
3667177.73056847,527984.920523897,467280,CIRCLE K STORES INC,CIRCLE K #4906,6229 S CLAIBORNE AVE,,NEW ORLEANS,LA,70125,504-861-9107,1101 - CONVENIENCE STORES
3678416.64280188,526077.053276643,467281,"CK'S HOT SHOPPE, LLC",CK'S  HOT SHOPPE,1433 BARONNE ST,,NEW ORLEANS,LA,70113,504-309-5150,1106 - GROCERY (EXC CONVENIENCE) STORES
3671379.57715164,526074.821325734,467282,SOUTH CLAIBORNE OPERATIONS,CLAIBORNE #165,4101 S CLAIBORNE AVE,,NEW ORLEANS,LA,70125,,1101 - CONVENIENCE STORES
3687457.25300147,538410.165421396,467283,"AWNI, INC",CLAIBORNE SUPERMARKET,2541 N CLAIBORNE AVE,,NEW ORLEANS,LA,70117,504-948-2327,1106 - GROCERY (EXC CONVENIENCE) STORES
3678691.81679222,530187.70942539,467284,"DURGA ENTERPRISES, INC",COMPAK FOOD & DELI,501 DAUPHINE ST,,NEW ORLEANS,LA,70112,504-525-2311,1101 - CONVENIENCE STORES
3667971.22274789,535895.69833748,467285,COSTCO WHOLESALE CORPORATION,COSTCO WHOLESALE 1147,3900 DUBLIN ST,,NEW ORLEANS,LA,70118,425-313-8100,1106 - GROCERY (EXC CONVENIENCE) STORES
3678691.81679222,530187.70942539,467286,"JOS FEIN CATERERS, INC",COURT LIQUORS,618-620 BOURBON ST,,NEW ORLEANS,LA,70130,504-581-5804,1101 - CONVENIENCE STORES
3671940.61868046,539743.450812563,467287,CREOLE COUNTRY INC,CREOLE COUNTRY INC,512 DAVID ST,,NEW ORLEANS,LA,70119,,1103 - MEAT MARKETS
3681345.36922789,530672.831158563,467288,MAGNOLIA ENTERPRISES INC,CREOLE SUPERSTORE,623 CANAL ST,,NEW ORLEANS,LA,70130,504-586-0703,1101 - CONVENIENCE STORES
3683045.5721923,528712.814409316,467289,HILTON MANAGEMENT LLC,CRESCENT CITY MARKETPLACE,2 POYDRAS ST,,NEW ORLEANS,LA,70130,,1106 - GROCERY (EXC CONVENIENCE) STORES
3705179.47903989,558329.005176812,467290,DALYA LLC,CROWDER CENTER,5769 CROWDER BLVD,,NEW ORLEANS,LA,70127,504-241-6555,1101 - CONVENIENCE STORES
3667671.04257397,531754.864755645,467291,HENRIETTE KAMBI,CTN GROCERY,2931 BROADWAY ST,,NEW ORLEANS,LA,70125,,1101 - CONVENIENCE STORES
3670179.75179538,525957.600431561,467292,"LOUISIANA CVS PHARMACY, L.L.C.",CVS/ PHARMACY # 167,4401 S CLAIBORNE AVE,,NEW ORLEANS,LA,70125,401-765-1500,1101 - CONVENIENCE STORES
3680559.60669181,542211.325141892,467293,K & O BROTHERS LLC,D & M DISCOUNT STORE,2037 N BROAD ST,,NEW ORLEANS,LA,70119,504-235-3478,1106 - GROCERY (EXC CONVENIENCE) STORES
3684845.6886708,540035.689729393,467294,"DANG ENTERPRISE , INC.",DANNY FOOD STORE,2101 ELYSIAN FIELDS AVE,,NEW ORLEANS,LA,70117,,1106 - GROCERY (EXC CONVENIENCE) STORES
3681747.74079847,538518.486727059,467295,P & N ENTERPRISES INC,DANNY'S PACKAGE LIQUOR & SEAFOOD MKT,1812 ONZAGA ST,,NEW ORLEANS,LA,70116,504-949-8666,1101 - CONVENIENCE STORES
3678691.81679222,530187.70942539,467296,"WILLIAMS, WILLIE JR",DAP MINISTRIES OUTLET,1234 PRESS DR,,NEW ORLEANS,LA,70117,,"1501 - DURABLE GOODS WHLSRS, OTHER MISC"
3695117.25769456,521420.949399889,467297,"DAT'S CAJUN SEAFOOD, LLC",DAT'S CAJUN SEAFOOD,3020 GENERAL DE GAULLE DR,,NEW ORLEANS,LA,70114,504-362-8252,1104 - FISH & SEAFOOD MARKETS
3680943.98157921,531594.168226644,467298,"DAUPHINE FOOD MART,LLC",DAUPHINE FOOD MART,215 DAUPHINE ST,,NEW ORLEANS,LA,70112,,1101 - CONVENIENCE STORES
3691808.69311747,548487.655436978,467299,BINH VAN CORPORATION,DAY & NIGHT DISCOUNT,4039 LOUISA ST,B,NEW ORLEANS,LA,70126,,1101 - CONVENIENCE STORES
3681390.76415022,530409.599729642,467300,DEEP SOUTH GROCERY CO   INC,DEEP SOUTH TRADING CO,600 CANAL ST,,NEW ORLEANS,LA,70130,504-586-8753,1101 - CONVENIENCE STORES
3730302.39073622,561524.569651812,467301,KING SUPERMARKET,DEXEMCA INC,14321 CHEF MENTEUR HWY,,NEW ORLEANS,LA,70116,,1106 - GROCERY (EXC CONVENIENCE) STORES
3674831.07713838,528137.760113224,467302,T & HO LLC,DISCOUNT CITY,2013 S CLAIBORNE AVE,D,NEW ORLEANS,LA,70125,,1101 - CONVENIENCE STORES
3663122.06020214,533247.222335234,467303,ARIYAN INC,DISCOUNT CORNER,8733 S CLAIBORNE AVE,,NEW ORLEANS,LA,70118,504-864-0057,1101 - CONVENIENCE STORES
3680072.09716813,537419.178886309,467304,2 NY FASHIONS INC,DISCOUNT EXPRESS,2000 ESPLANADE AVE,,NEW ORLEANS,LA,70116,504-433-8600,1101 - CONVENIENCE STORES
3681818.7557483,530307.396193892,467305,DEEP SOUTH GROCERY CO   INC,DIXIE MARKET,501 CANAL ST,,NEW ORLEANS,LA,70130,504-586-8753,1101 - CONVENIENCE STORES
3661481.63598955,531601.211847723,467306,"DON'S FOOD MART, LLC",DON'S FOOD  MART,1730 EAGLE ST,,NEW ORLEANS,LA,70118,,1101 - CONVENIENCE STORES
3696063.0874958,554497.269401982,467307,FADI INC,DOWNMAN SUPERMARKET,4827 DOWNMAN RD,,NEW ORLEANS,LA,70126,504-242-2882,1101 - CONVENIENCE STORES
3678374.94078556,539075.838958815,467308,E&L MART,E&L MART,1410 N BROAD ST,,NEW ORLEANS,LA,70119,,1106 - GROCERY (EXC CONVENIENCE) STORES
3678032.89783446,527548.163851485,467309,"2000 EARHART BOULEVARD,LLC",EARHART 169,2000 EARHART BLVD,,NEW ORLEANS,LA,70113,,1101 - CONVENIENCE STORES
3704946.93258896,552956.207195401,467310,"EAST SIDE CASH & CARRY,",EAST SIDE CASH & CARRY INC,7943 CHEF MENTEUR HWY,,NEW ORLEANS,LA,70126,504-243-9797,1101 - CONVENIENCE STORES
3714258.49303405,565634.730394721,467311,SARA GROCERY INC,EASTOVER MARKET,7050 BULLARD AVE,,NEW ORLEANS,LA,70128,504-244-0741,1106 - GROCERY (EXC CONVENIENCE) STORES
3683202.15390013,556241.644194067,467312,"M & S  OIL SERVICES, L.L.C.",ELYSIAN FIELDS SHELL,6300 ELYSIAN FIELDS AVE,,NEW ORLEANS,LA,70122,504-884-8766,1101 - CONVENIENCE STORES
3683542.99311347,534884.473325804,467313,ALLAN'S GROCERY LLC,ESPLANADE MINI MART,839 ESPLANADE AVE,,NEW ORLEANS,LA,70116,504-329-8179,1101 - CONVENIENCE STORES
3695299.44236955,521715.040675223,467314,MALAK 2000 INC,EVERGREEN SUPERMARKET,3011 SANDRA DR,,NEW ORLEANS,LA,70114,504-368-1581,1101 - CONVENIENCE STORES
3671760.94515531,526165.345094815,467315,"SHENGLIN,LLC",EZGO,3701 S CLAIBORNE AVE,,NEW ORLEANS,LA,70125,504-473-6940,1106 - GROCERY (EXC CONVENIENCE) STORES
3678685.69147639,542481.200586393,467316,FAIR ZONE FOOD STORE 2 LLC,FAIR ZONE FOOD STORE 2,1825 GENTILLY BLVD,,NEW ORLEANS,LA,70119,504-461-6175,1101 - CONVENIENCE STORES
3673702.74999872,522857.385175318,467317,FAMILY DISCOUNT STORE INC,FAMILY DISCOUNT STORE,1935 LOUISIANA AVE,,NEW ORLEANS,LA,70115,504-895-4272,1101 - CONVENIENCE STORES
3712252.71456531,568801.848076224,467318,"RANCH, INC",FAMILY RANCH MARKET,11950 HAYNE BLVD,,NEW ORLEANS,LA,70128,504-243-1944,1106 - GROCERY (EXC CONVENIENCE) STORES
3671229.40520789,529823.298408806,467319,MONA REALTY LLC,FAST STOP,2745 S BROAD ST,,NEW ORLEANS,LA,70125,,1106 - GROCERY (EXC CONVENIENCE) STORES
3694978.47221097,557048.165874973,467320,"FAST STOP OF DOWNMAN,LLC",FAST STOP,7200 DOWNMAN RD,,NEW ORLEANS,LA,70126,,1101 - CONVENIENCE STORES
3745932.93034121,601309.69218114,467321,"FAST STOP OF IRISH,LLC",FAST STOP OF IRISH,3684 RIDGEWAY BLVD,STE #A,NEW ORLEANS,LA,70129,,1101 - CONVENIENCE STORES
3680569.55581889,525172.835596889,467322,"FAT BOY PANTRY LOUISIANA,LLC",FAT BOY PANTRY,1302 MAGAZINE ST,,NEW ORLEANS,LA,70130,,1106 - GROCERY (EXC CONVENIENCE) STORES
3686843.89858514,529865.85475415,467323,"FAUBOURG FRESH MARKET, LLC",FAUBOURG FRESH MARKET,541 BERMUDA ST,,NEW ORLEANS,LA,70114,,1106 - GROCERY (EXC CONVENIENCE) STORES
3698117.52498797,551575.097424805,467324,SHIVAS LLC,FOOD PLUS,6232 CHEF MENTEUR HWY,UNIT A,NEW ORLEANS,LA,70126,504-246-2628,1106 - GROCERY (EXC CONVENIENCE) STORES
3689531.24786922,534680.994073972,467325,"FRADY, JOSEPH M",FRADY'S ONE STOP FOOD STORE,3231 DAUPHINE ST,,NEW ORLEANS,LA,70117,,1101 - CONVENIENCE STORES
3678691.81679222,530187.70942539,467326,SIX BROTHERS LLC,FRANCE MEAT MARKET,1339 FRANCE ST,,NEW ORLEANS,LA,70117,504-949-2407,1103 - MEAT MARKETS
3686296.26713447,555628.186759561,467327,MALAK INC,FRANKLIN DISCOUNT,6100 FRANKLIN AVE,,NEW ORLEANS,LA,70122,,1106 - GROCERY (EXC CONVENIENCE) STORES
3687766.3186563,539454.269304305,467328,FRANKLIN AVENUE MARKET LLC,FRANKLIN FOOD MART,1843 FRANKLIN AVE,,NEW ORLEANS,LA,70117,,1101 - CONVENIENCE STORES
3679791.71780764,533553.669556975,467329,FRENCH QUATER FOOD MART,FRENCH QUATER FOOD MART,1534 SAINT LOUIS ST,A,NEW ORLEANS,LA,70112,,1101 - CONVENIENCE STORES
3674576.21577147,525007.361190304,467330,JENNEFER TRAN INC,FRIENDLY SUPERMARKET,2704 LA SALLE ST,,NEW ORLEANS,LA,70113,,1101 - CONVENIENCE STORES
3697188.08852664,536044.001846641,467331,FUEL N MART,FUEL N MART,5201 N CLAIBORNE AVE,,NEW ORLEANS,LA,70117,,1101 - CONVENIENCE STORES
3699081.53421481,561544.937065139,467332,ANZ LLC,FUEL N MART,7220 HAYNE BLVD,,NEW ORLEANS,LA,70126,,1101 - CONVENIENCE STORES
3691466.22956355,549683.87679781,467333,FUEL ZONE LLC,FUEL ZONE,4500 CHEF MENTEUR HWY,,NEW ORLEANS,LA,70126,,1101 - CONVENIENCE STORES
3698919.12509081,537488.216477901,467334,BURNELL COTLON,GALVEZ GOODIES,2036 CAFFIN AVE,,NEW ORLEANS,LA,70117,504-319-5886,1106 - GROCERY (EXC CONVENIENCE) STORES
3730112.99938272,563405.123305395,467335,GARIFUNA MARKET,GARIFUNA MARKET,14402 DWYER BLVD,,NEW ORLEANS,LA,70129,,1106 - GROCERY (EXC CONVENIENCE) STORES
3678374.06283455,540749.197160646,467336,GENTILLY FOOD MART INC,GENTILLY FOOD MART INC,1629 GENTILLY BLVD,,NEW ORLEANS,LA,70119,,1101 - CONVENIENCE STORES
3678745.80421706,533941.177312151,467337,"HILLIARD, GLORIA",GLORIA'S GROCERY,1800 CONTI ST,,NEW ORLEANS,LA,70112,,1101 - CONVENIENCE STORES
3676173.60430896,536041.324030474,467338,"TCL FAMILY,LLC",GOLDEN EXPRESS,400 N BROAD ST,,NEW ORLEANS,LA,70119,,1106 - GROCERY (EXC CONVENIENCE) STORES
3671760.94515531,526165.345094815,467339,"GB LICENSE, LLC",GOPUFF,3701 S CLAIBORNE AVE,,NEW ORLEANS,LA,70125,401-327-1254,1106 - GROCERY (EXC CONVENIENCE) STORES
3685685.18010205,534303.235971227,467340,"TWO HOT CHICKS AND TWO GUYS, LLC",GRANDE KREWE,511 MARIGNY ST,,NEW ORLEANS,LA,70117,,"1110 - BEER, WINE & LIQUOR STORES"
3677558.27247138,527277.501663148,467341,GUSTE HOMES RESIDENT MANAGEMENT CORPORATION,GUSTE HOMES RESIDENT MANAGEMENT CORPORATION,1301 SIMON BOLIVAR AVE,,NEW ORLEANS,LA,70113,,1106 - GROCERY (EXC CONVENIENCE) STORES
3667529.20985238,518668.862712473,467342,"MATHERNE JR, MARVIN",GUY'S FOOD STORE,5259 MAGAZINE ST,,NEW ORLEANS,LA,70115-1851,504-891-5025,1101 - CONVENIENCE STORES
3706107.79050347,564970.897732899,467343,HABIBI GROCERY L.L.C.,HABIBI GROCERY,9530 HAYNE BLVD,,NEW ORLEANS,LA,70127,504-220-8250,1101 - CONVENIENCE STORES
3678099.12604848,547282.877334729,467344,HANDY DISCOUNT INC,HANDY DISCOUNT,4101 JUMONVILLE ST,,NEW ORLEANS,LA,70122,504-282-9667,1106 - GROCERY (EXC CONVENIENCE) STORES
3687341.67613289,536370.803030312,467345,"YOUSEF ODEH, LLC",HANK'S SEAFOOD & SUPERMARKET,2634 ST CLAUDE AVE,,NEW ORLEANS,LA,70117,504-247-3731,1101 - CONVENIENCE STORES
3686783.64017546,552326.674989894,467346,MARAH LLC,HAPPY DISCOUNT,5301 FRANKLIN AVE,,NEW ORLEANS,LA,70122,,1105 - FULL SVC RESTAURANTS (TABLE SERVICE)
3696029.28933506,560347.606126472,467347,ASEL INC,HAYNE SUPERMARKET,6318 HAYNE BLVD,,NEW ORLEANS,LA,70126,504-244-9739,1106 - GROCERY (EXC CONVENIENCE) STORES
3671388.99281523,532569.763388306,467348,"HUEY LONG FOODS, LLC","HUEY LONG FOODS, LLC",4333 EUPHROSINE ST,,NEW ORLEANS,LA,70125,,"1111 - SPECIALTY FOOD STORES, ALL OTHER"
3674976.47875047,534503.17356348,467349,250 S BROAD INC,IDEAL DISCOUNT SUPERMARKET,250 S BROAD ST,,NEW ORLEANS,LA,70119,504-822-4232,1106 - GROCERY (EXC CONVENIENCE) STORES
3678432.2625213,537453.104671478,467350,KAKI INC,IDEAL SUPER MARKET,2436 URSULINES AVE,,NEW ORLEANS,LA,70119,504-821-9339,1106 - GROCERY (EXC CONVENIENCE) STORES
3674419.56024489,532631.612345979,467351,"MILAND SEAFOOD, INC",INLAND SEAFOOD,2527 PERDIDO ST,,NEW ORLEANS,LA,70119,504-821-4500,0135 - FISH & SEAFOOD WHLSRS
3664452.5030793,534742.445066556,467352,"ABJ & R GROCERY,LLC",J & P SUPERETTE,2941 EAGLE ST,,NEW ORLEANS,LA,70118,,1106 - GROCERY (EXC CONVENIENCE) STORES
3684458.64876246,533476.916757733,467353,"KIM, YOUNG DUK",J C DELI,65 FRENCH MARKET PL,,NEW ORLEANS,LA,70116,504-522-2961,1101 - CONVENIENCE STORES
3680750.40585089,535195.571784973,467354,LABAN FOOD INC,J C FOOD MARKET,1532 ST PHILIP ST,,NEW ORLEANS,LA,70116,504-221-8270,1101 - CONVENIENCE STORES
3674843.2834788,527380.645485729,467355,JACKSON FOOD STORE INC.,JACKSON FOOD STORE,2801 JACKSON AVE,,NEW ORLEANS,LA,70113,,1106 - GROCERY (EXC CONVENIENCE) STORES
3678954.35301255,522094.533026472,467356,"O D S, LLC",JEWEL'S FOOD STORE,2136 MAGAZINE ST,,NEW ORLEANS,LA,70130,504-524-9355,1101 - CONVENIENCE STORES
3674724.32735188,538482.805696055,467357,JOHN & MARY INC,JOHN & MARY FOOD STORE,3238 ORLEANS AVE,,NEW ORLEANS,LA,70119,504-482-1144,1101 - CONVENIENCE STORES
3660722.16966072,529557.079453066,467358,"AMEERA AB,LLC",JSK DISCOUNT,8539 OAK ST,STE #A,NEW ORLEANS,LA,70118,,1106 - GROCERY (EXC CONVENIENCE) STORES
3671537.51974913,526099.484662235,467359,K & T COMMUNITY INC.,K & T COMMUNITY,3733 S CLAIBORNE AVE,,NEW ORLEANS,LA,70125,504-822-8915,1101 - CONVENIENCE STORES
3672535.5676218,534579.271180317,467360,"K & T FOOD STORE, INC",K & T FOOD STORE,3204 TULANE AVE,,NEW ORLEANS,LA,70119,,1101 - CONVENIENCE STORES
3675726.63997981,527260.316986233,467361,GENGO MICHAEL A,KELLER MARKET FOOD STORE,1802 MAGNOLIA ST,,NEW ORLEANS,LA,70113,504-523-8648,1101 - CONVENIENCE STORES
3672719.42814647,524796.087006554,467362,MAZIN INC,KEY FOOD STORE,2600 LOUISIANA AVE,,NEW ORLEANS,LA,70115,504-897-6514,1101 - CONVENIENCE STORES
3678099.12604848,547282.877334729,467363,IZO LLC,KING FOOD STORE,4101 JUMONVILLE ST,,NEW ORLEANS,LA,70122,,1106 - GROCERY (EXC CONVENIENCE) STORES
3711375.19565105,564974.300941318,467364,"ND GROUP ENTERPRISES, IN",KWIK PIK,11040 MORRISON RD,,NEW ORLEANS,LA,70127,504-606-2833,1101 - CONVENIENCE STORES
3678691.81679222,530187.70942539,467365,ATILANO LOPEZ LUIS,LA FAVORITA MARKET,3640 GENERAL DE GAULLE DR,,NEW ORLEANS,LA,70114,504-217-1184,1101 - CONVENIENCE STORES
3706110.30985539,556875.952964813,467366,LA FOOD INC,LA FOOD,5200 CROWDER BLVD,,NEW ORLEANS,LA,70127,504-638-1350,1101 - CONVENIENCE STORES
3681973.35419239,528564.887211725,467367,"LAFAYETTE MINI MART, LLC",LAFAYETTE MINI MART,322 LAFAYETTE ST,,NEW ORLEANS,LA,70130,504-522-1710,1101 - CONVENIENCE STORES
3666845.50715156,556677.813269228,467368,"LAKESHORE MARINE & FUEL, LLC","LAKESHORE MARINE & FUEL, LLC",7840 LAKESHORE DR,,NEW ORLEANS,LA,70124,504-723-3717,1101 - CONVENIENCE STORES
3669481.99662922,549397.514837727,467369,"HARRISON FRESH MARKET, LLC",LAKEVIEW GROCERY,801 HARRISON AVE,,NEW ORLEANS,LA,70124,504-207-0162,1106 - GROCERY (EXC CONVENIENCE) STORES
3665711.78960271,549674.844007477,467370,"TWO-O-SEVEN, LLC",LAKEVIEW MINI MART,207 W HARRISON AVE,,NEW ORLEANS,LA,70124,504-872-0522,1101 - CONVENIENCE STORES
3683060.0721633,536841.06061998,467371,"CANGELOSI JR, LAWRENCE",LARRY & LARRY GROCERY,1340 ANNETTE ST,,NEW ORLEANS,LA,70116,,1101 - CONVENIENCE STORES
3725153.71336955,559935.943563983,467372,"LATINOS MARKET, LLC",LATINOS MARKET,13235 CHEF MENTEUR HWY,STE D2,NEW ORLEANS,LA,70129,,1106 - GROCERY (EXC CONVENIENCE) STORES
3690409.50693947,527790.225375235,467373,LAWSONS GROCERY & DELI  INC,LAWSON'S GROCERY & DELI,1625 NEWTON ST,,NEW ORLEANS,LA,70114-2604,504-368-4958,1101 - CONVENIENCE STORES
3687439.58407356,537598.566978976,467374,LB SAINTS FOOD STORE CORP.,LB SAINTS FOOD STORE,2601 N VILLERE ST,,NEW ORLEANS,LA,70117,504-945-7799,1101 - CONVENIENCE STORES
3691982.86763789,545117.838029638,467375,SHAED LLC,LOUISA MINI MART,3423 LOUISA ST,,NEW ORLEANS,LA,70126,504-392-5513,1101 - CONVENIENCE STORES
3673306.30197272,523450.196325645,467376,LOUISIANA MEAT LLC,LOUISIANA MEAT MARKET,2136 LOUISIANA AVE,,NEW ORLEANS,LA,70115,504-259-3651,1101 - CONVENIENCE STORES
3695935.6507428,553239.273558393,467377,SOUL'S SEAFOOD LLC,LOUISIANA PRIDE SEAFOOD,4418 DOWNMAN RD,,NEW ORLEANS,LA,70126,504-248-7522,1104 - FISH & SEAFOOD MARKETS
3674144.72221188,521863.145365894,467378,"AMERA,INC",LOUISIANA SUPER SAVER,1641 LOUISIANA AVE,A,NEW ORLEANS,LA,70115,504-891-6670,1106 - GROCERY (EXC CONVENIENCE) STORES
3679785.58494589,545097.025407225,467379,TIEN VIET VU,LUCY'S SUPERMARKET,3443 PARIS AVE,,NEW ORLEANS,LA,70122,,1106 - GROCERY (EXC CONVENIENCE) STORES
3730523.24987455,562528.929847807,467380,THU HUONG INC,LY'S SUPERMARKET,14401 PELTIER DR,130,NEW ORLEANS,LA,70129,504-254-4380,1101 - CONVENIENCE STORES
3666212.96609381,520853.42658481,467381,M LANGENSTEIN & SONS INC,M LANGENSTEIN & SONS INC,1330 ARABELLA ST,,NEW ORLEANS,LA,70115-4205,504-899-5001,1105 - FULL SVC RESTAURANTS (TABLE SERVICE)
3664271.76918881,519258.995718569,467382,BIRDIES MAGAZINE,M M A NEW ORLEANS LLC,6050 MAGAZINE ST,,NEW ORLEANS,LA,70118,,1101 - CONVENIENCE STORES
3679516.00576064,522534.312658727,467383,BAO CORP,MAGAZINE DISCOUNT MARKET,2000 MAGAZINE ST,,NEW ORLEANS,LA,70130-5018,504-348-7617,1101 - CONVENIENCE STORES
3677235.01622814,537508.57765764,467384,FRANK'S DISCOUNT LLC,MAGNOLIA MEAT MARKET,900 N BROAD ST,,NEW ORLEANS,LA,70119,504-827-1281,1106 - GROCERY (EXC CONVENIENCE) STORES
3675156.53646122,526828.62165539,467385,"JAOUMARI, INC",MAGNOLIA SUPERMARKET,2201 MAGNOLIA ST,,NEW ORLEANS,LA,70113,504-523-0017,1101 - CONVENIENCE STORES
3700250.90425138,534945.452534556,467386,ALZARA INC,MAGNOLIA SUPERMARKET,6100 N CLAIBORNE AVE,,NEW ORLEANS,LA,70117,504-628-6781,1101 - CONVENIENCE STORES
3692373.06764488,535323.702434227,467387,"ALLADDIN ENTERPRISES, INC.",MAGNOLIA SUPERMARKET # 3,4131 ST CLAUDE AVE,,NEW ORLEANS,LA,70117-5336,504-948-2224,1101 - CONVENIENCE STORES
3688094.67068988,540966.492329732,467388,VIEN MAN INC,MAMA'S COOKING,2722 N TONTI ST,,NEW ORLEANS,LA,70117,,1101 - CONVENIENCE STORES
3681257.33036196,536751.222873151,467389,TSY CORPORATION,MAN CHU FOOD STORE & CHINESE  FOOD,1413 N CLAIBORNE AVE,,NEW ORLEANS,LA,70116,504-947-5507,1101 - CONVENIENCE STORES
3672520.69691664,521833.182171226,467390,"DAVID Y. MARTIN JR., LLC",MARTIN WINE CELLAR,3827 BARONNE ST,,NEW ORLEANS,LA,70115,504-897-0191,1101 - CONVENIENCE STORES
3682652.03689013,533819.562397897,467391,TEN-O-ONE CORPORATION,MATASSA'S MARKET,1001 DAUPHINE ST,,NEW ORLEANS,LA,70116,504-412-8700,1101 - CONVENIENCE STORES
3725581.68921964,560064.799605474,467392,VINA FOOD INC.,MATT'S GROCERY 2,4655 MICHOUD BLVD,,NEW ORLEANS,LA,70129,,1106 - GROCERY (EXC CONVENIENCE) STORES
3664020.07743497,533736.297144473,467393,"MCKENZIE FOOD STORE,INC",MCKENZIE FOOD STORE,8638 BELFAST ST,,NEW ORLEANS,LA,70118,504-866-4970,1106 - GROCERY (EXC CONVENIENCE) STORES
3680325.42999481,541174.547687888,467394,"MID CITY MARKET,L.L.C.",MID CITY MARKET,2526 ST BERNARD AVE,,NEW ORLEANS,LA,70119,504-324-9273,1104 - FISH & SEAFOOD MARKETS
3696646.56303489,520712.840251818,467395,"ZEGAR, INC",MIKE'S DISCOUNT 2,3600 MACARTHUR BLVD,B-2,NEW ORLEANS,LA,70114,504-368-1350,1101 - CONVENIENCE STORES
3691798.73283555,535416.856119305,467396,"NADA M, INC",MIKE'S FOOD MART,3935 ST CLAUDE AVE,,NEW ORLEANS,LA,70117,225-573-4326,1101 - CONVENIENCE STORES
3691048.33374581,535451.381640807,467397,MMBS INC.,MIKE'S FOOD STORE,3708 ST CLAUDE AVE,,NEW ORLEANS,LA,70117,504-390-7943,1106 - GROCERY (EXC CONVENIENCE) STORES
3730644.55835897,561932.833599061,467398,"H.A.T., INC",MINH CANH SUPERMARKET,4661 ALCEE FORTIER BLVD,C&D,NEW ORLEANS,LA,70129,,1101 - CONVENIENCE STORES
3715294.8403708,555685.816237479,467399,MINI MARKET LA CONSENTIDA LLC,MINI MARKET LA CONSENTIDA LLC,10715 CHEF MENTEUR HWY,STE A,NEW ORLEANS,LA,70127,,1101 - CONVENIENCE STORES
3682604.72038372,526606.404252067,467400,"N'AWLINS GOODS, LLC",N'AWLINS GOODS,901 CONVENTION CENTER BLVD,STE 114,NEW ORLEANS,LA,70130,,1101 - CONVENIENCE STORES
3702268.09673931,552208.165384397,467401,"QUYNH NGUYEN, INC.",NATAL'S SUPERMARKET,7342 CHEF MENTEUR HWY,,NEW ORLEANS,LA,70126,504-362-3911,1101 - CONVENIENCE STORES
3678691.81679222,530187.70942539,467402,"XUAN TUYEN, INC",NEIGHBORHOOD DISCOUNT SUPERMARKET,3222 BARONNE ST,,NEW ORLEANS,LA,70115,504-899-4954,1101 - CONVENIENCE STORES
3681597.76373622,529690.582794979,467403,"NESBIT'S MAGAZINE STREET MARKET, LLC",NESBIT'S MAGAZINE STREET MARKET,301 MAGAZINE ST,,NEW ORLEANS,LA,70130,,1101 - CONVENIENCE STORES
3681904.37171881,527685.356162399,467404,"NESBIT'S JULIA ST MARKET,LLC",NESBITS JULIA ST MARKET,333 JULIA ST,,NEW ORLEANS,LA,70130,,1101 - CONVENIENCE STORES
3680094.40486631,532437.826972395,467405,NEW IMAGE SUPERMARKET IN,NEW IMAGE MARKET,1216 BIENVILLE ST,,NEW ORLEANS,LA,70112,,1101 - CONVENIENCE STORES
3678691.81679222,530187.70942539,467406,NEW ORLEANS FISH HOUSECO,NEW ORLEANS FISH HOUSE,P.O BOX 4126,,NEW ORLEANS,LA,70178,504-821-9700,0135 - FISH & SEAFOOD WHLSRS
3678691.81679222,530187.70942539,467407,NEW ORLEANS FISH HOUSE L,NEW ORLEANS FISH HOUSE LLC,921  DUPRE ST,,NEW ORLEANS,LA,70125,504-821-9700,0135 - FISH & SEAFOOD WHLSRS
3678691.81679222,530187.70942539,467408,"NEW ORLEANS FOOD CO-OP,INC",NEW ORLEANS FOOD CO-OP,2372 ST. CLAUDE AVENUE,STE. 110,NEW ORLEANS,LA,70117,504-324-6849,"0138 - GROCERY & RELATED PRDCTS WHLSRS, OTH"
3662655.33311722,534324.765127644,467409,NEW ORLEANS SAUSAGE COMPANY,NEW ORLEANS SAUSAGE COMPANY,2525 HAMILTON ST,,NEW ORLEANS,LA,70118,,1103 - MEAT MARKETS
3690275.31068555,527917.667049482,467410,"KHP,LLC",NEWTON CORNER MART,1600 NEWTON ST,,NEW ORLEANS,LA,70114,,1106 - GROCERY (EXC CONVENIENCE) STORES
3689673.58157405,527937.177509144,467411,LIEM & TEIN PARTNERSHIP,NEWTON DISCOUNT MARKET,1424 NEWTON ST,,NEW ORLEANS,LA,70114,504-368-3692,1101 - CONVENIENCE STORES
3675536.63215771,523200.872021139,467412,"NEXT DOOR GROCERY,LLC",NEXT DOOR GROCERY,2733 BARONNE ST,,NEW ORLEANS,LA,70113,,1101 - CONVENIENCE STORES
3677650.07970247,519851.578522891,467413,BACKUP JIC LLC,NICKS SUPERMARKET,746 WASHINGTON AVE,,NEW ORLEANS,LA,70130,,1106 - GROCERY (EXC CONVENIENCE) STORES
3691511.27934222,535294.323555976,467414,CUONG THAO INC,NIKKI FOOD STORE,3900 ST CLAUDE AVE,,NEW ORLEANS,LA,70117,504-945-6655,1106 - GROCERY (EXC CONVENIENCE) STORES
3689993.37325731,522209.060356483,467415,"NOLA DISCOUNT, INC",NOLA DISCOUNT FOOD STORE,2204 L B LANDRY AVE,,NEW ORLEANS,LA,70114,,1101 - CONVENIENCE STORES
3690095.66603172,527925.042362809,467416,"XUAN HUY,LLC",NOLA FOOD MART,943 WHITNEY AVE,,NEW ORLEANS,LA,70114,985-856-6088,1101 - CONVENIENCE STORES
3681291.44873205,530715.989536807,467417,NOLA STYLE ENTERPRISE LLC,NOLA STYLE DE VIE,635 CANAL ST,,NEW ORLEANS,LA,70130,,1101 - CONVENIENCE STORES
3678264.10275264,529944.881170899,467418,"NOLA SUNDRY, LLC",NOLA SUNDRY,1450 POYDRAS ST,STE 120,NEW ORLEANS,LA,70112,504-667-6932,1101 - CONVENIENCE STORES
3699522.27217847,533245.498585388,467419,M & J FOOD STORE INC,NOLA VILLAGE MARKET,6100 ST CLAUDE AVE,,NEW ORLEANS,LA,70117,504-377-0670,1106 - GROCERY (EXC CONVENIENCE) STORES
3680237.8219023,541758.590811148,467420,"AAA BUI,INC",NORTH BROAD SUPERMARKET,1901 N BROAD ST,,NEW ORLEANS,LA,70119,504-945-7369,1106 - GROCERY (EXC CONVENIENCE) STORES
3715492.88656263,564500.703463316,467421,NS DISCOUNT EXPRESS LLC,NS DISCOUNT EXPRESS,6041 BULLARD AVE,,NEW ORLEANS,LA,70128,,1101 - CONVENIENCE STORES
3665208.15773597,536079.7153579,467422,OLIVE STOP LLC,OLIVE STOP,8841 OLIVE ST,,NEW ORLEANS,LA,70118,,1101 - CONVENIENCE STORES
3668874.16680814,538987.448387563,467423,OLYMPIA FOOD STORE INC,OLYMPIA FOOD STORE INC,301 S OLYMPIA ST,,NEW ORLEANS,LA,70119,504-231-4883,1106 - GROCERY (EXC CONVENIENCE) STORES
3682462.07303122,529842.942726478,467424,OMNI LLC,OMNI LLC,333 CANAL ST,STE 333,NEW ORLEANS,LA,70130,814-521-9012,1101 - CONVENIENCE STORES
3687118.65525347,529041.506337225,467425,"OPELOUSAS POINT SUPERMARKET, INC",OPELOUSAS POINT SUPERMARKET,601 OPELOUSAS AVE,,NEW ORLEANS,LA,70114,,1101 - CONVENIENCE STORES
3676747.53524771,537213.05134581,467426,ORLEANS CENTER MARKET LLC,ORLEANS CENTER MARKET,2707 ORLEANS AVE,,NEW ORLEANS,LA,70119,,1101 - CONVENIENCE STORES
3677919.49484605,534972.447887391,467427,OVERFLOW MARKET & CAFE,OVERFLOW MARKET & CAFE,432 N GALVEZ ST,,NEW ORLEANS,LA,70116,,1106 - GROCERY (EXC CONVENIENCE) STORES
3681223.9459143,533016.809410229,467428,P & J OYSTER CO,P & J OYSTER CO,1039 TOULOUSE ST,,NEW ORLEANS,LA,70112,504-523-2651,0135 - FISH & SEAFOOD WHLSRS
3720228.10839139,552556.804450899,467429,"ROYAL PALACE INVESTMENTS,LLC",PALACE TRUCK STOP & CASINO,12170 OLD GENTILLY RD,,NEW ORLEANS,LA,70129,,1101 - CONVENIENCE STORES
3673132.63335681,535195.181693897,467430,"SAINT GEORGE,LLC",PARAISO GROCERY,3128 BANKS ST,,NEW ORLEANS,LA,70119,,1106 - GROCERY (EXC CONVENIENCE) STORES
3679691.82332239,533586.695409566,467431,"PIAZZA SR, VINCENT",PAUL PIAZZA & SON INC,1552 ST LOUIS ST,,NEW ORLEANS,LA,70112,504-524-6011,0135 - FISH & SEAFOOD WHLSRS
3681425.4277948,526497.902500555,467432,POEYFARRE MARKET LLC,POEYFARRE MARKET,925 POEYFARRE ST,,NEW ORLEANS,LA,70130,504-522-5252,1101 - CONVENIENCE STORES
3783605.03347455,602379.61097306,467433,POMES CHRIS             POMES BERTRAND,POMES SEAFOOD,26064 CHEF MENTEUR HWY,,NEW ORLEANS,LA,70129,504-662-5026,0135 - FISH & SEAFOOD WHLSRS
3690864.94008371,539566.557465568,467434,POPPA ENTERPRISES,POPPA'S SEAFOOD & DELI,3311 N GALVEZ ST,,NEW ORLEANS,LA,70117,504-947-3373,1104 - FISH & SEAFOOD MARKETS
3676960.99446647,526873.093023151,467435,PROJECT FOOD STORE      #2 INC,PROJECT FOOD STORE #2,2238 MARTIN LUTHER KING JR BLVD,,NEW ORLEANS,LA,70113,504-586-1762,1101 - CONVENIENCE STORES
3673359.58828346,520522.643781811,467436,"PRYTANIA MART,LLC",PRYTANIA MART,3636 PRYTANIA ST,,NEW ORLEANS,LA,70115,,1101 - CONVENIENCE STORES
3682124.97232747,533646.063729137,467437,ROSEMARY & TRANG INC,QUARTER GROCERY & DELI,836 BURGUNDY ST,,NEW ORLEANS,LA,70116,504-529-2702,1101 - CONVENIENCE STORES
3685825.7713563,536481.708976477,467438,"ALL ABOUT CONVENIENCE, LLC",QUICK STOP SHOP,2301 ST CLAUDE AVE,,NEW ORLEANS,LA,70117,,1101 - CONVENIENCE STORES
3687733.14483814,538225.755029067,467439,"AMEER, LLC",QUICKIES DISCOUNT,1535 FRANKLIN AVE,,NEW ORLEANS,LA,70117,504-259-3655,1101 - CONVENIENCE STORES
3669287.83724064,518692.450263724,467440,RAINBOW MAGAZINE LLC,RAINBOW GROCERY,4837 MAGAZINE ST,,NEW ORLEANS,LA,70115,,1106 - GROCERY (EXC CONVENIENCE) STORES
3674984.8579988,541532.608651564,467441,"RC FOUNTAIN SERVICES OF LOUISIANA, INC.",RC FOUNTAIN SERVICES OF LOUISIANA,3443 ESPLANADE AVE,134,NEW ORLEANS,LA,70119,504-822-2250,"0138 - GROCERY & RELATED PRDCTS WHLSRS, OTH"
3708767.5561813,563416.610159054,467442,TBN SEAFOOD CORPORATION,READ SEAFOOD,7340 READ BLVD,,NEW ORLEANS,LA,70127,504-377-8892,1101 - CONVENIENCE STORES
3678691.81679222,530187.70942539,467443,LINA GROCERY INC,READ SUPERMARKET,7045 READ BLVD,A,NEW ORLEANS,LA,70127,504-244-0741,1101 - CONVENIENCE STORES
3675840.34808572,534610.603794813,467444,"JEETA,LLC",RED ZONE,2530  CANAL ST,,NEW ORLEANS,LA,70119,616-337-0247,1106 - GROCERY (EXC CONVENIENCE) STORES
3677985.52752239,524082.911595643,467445,"THUMBS UP RACE SEVEN, LLC.",RED ZONE I,2025 ST CHARLES AVE,,NEW ORLEANS,LA,70130,,1101 - CONVENIENCE STORES
3663678.64439081,535583.202571392,467446,REDBERRY'S HOT PLATES & PO BOYS,REDBERRY'S HOT PLATES & PO BOYS,9103 FIG ST,,NEW ORLEANS,LA,70118,504-264-0226,1101 - CONVENIENCE STORES
3672421.86181247,531191.868834391,467447,"RD AMERICA, LLC",RESTAURANT DEPOT,1111 S BROAD ST,,NEW ORLEANS,LA,70125,504-822-8881,"0138 - GROCERY & RELATED PRDCTS WHLSRS, OTH"
3682429.56423797,540943.517310068,467448,SUNSHINE DISCOUNT FOOD INC,RICHARD'S FOOD STORE,2001 N ROCHEBLAVE ST,,NEW ORLEANS,LA,70119,504-944-2891,1101 - CONVENIENCE STORES
3689959.75029305,531064.277226061,467449,A. B. & R. FINE FOODS LLC,RIVER FINE FOODS STORE,1403 PATTERSON ST,,NEW ORLEANS,LA,70114,504-362-4795,1101 - CONVENIENCE STORES
3685254.38535997,536237.784267485,467450,ST. CLAUDE FRESH MARKET LLC,ROBERT FRESH MARKET,2222 ST CLAUDE AVE,,NEW ORLEANS,LA,70117,,1106 - GROCERY (EXC CONVENIENCE) STORES
3664841.76083097,531904.808353394,467451,CLAIBORNE FRESH MARKET LLC,ROBERT FRESH MARKET #124,8115 S CLAIBORNE AVE,,NEW ORLEANS,LA,70118,,1106 - GROCERY (EXC CONVENIENCE) STORES
3667486.31361271,555056.958571315,467452,M ROBERT ENTERPRISES INC,ROBERT FRESH MARKET(ROBT E LEE),135 ROBERT E LEE BLVD,,NEW ORLEANS,LA,70124,504-885-7005,1106 - GROCERY (EXC CONVENIENCE) STORES
3677193.91755705,535945.045351639,467453,ROCHEBLAVE FOOD STORE INC,ROCHEBLAVE FOOD STORE,601 N ROCHEBLAVE ST,,NEW ORLEANS,LA,70119,,1101 - CONVENIENCE STORES
3679665.86799371,528714.887567893,467454,"ROUSE'S ENTERPRISES, LLC.",ROUSE'S MARKET #46(CBD),701 BARONNE ST,,NEW ORLEANS,LA,70113,504-227-3838,1106 - GROCERY (EXC CONVENIENCE) STORES
3670785.29061055,517368.653698727,467455,"ROUSE'S ENTERPRISES, LLC",ROUSES MARKET #26,4500 TCHOUPITOULAS ST,,NEW ORLEANS,LA,70115,504-896-7910,1105 - FULL SVC RESTAURANTS (TABLE SERVICE)
3670785.29061055,517368.653698727,467456,"ROUSE'S ENTERPRISES, LLC",ROUSES MARKET #26(UPTOWN),4500 TCHOUPITOULAS ST,,NEW ORLEANS,LA,70115,985-447-5998,1106 - GROCERY (EXC CONVENIENCE) STORES
3672315.02672431,539084.368141234,467457,"ROUSE'S ENTERPRISES, LLC",ROUSES MARKET #29(CARROLLTON),400 N CARROLLTON AVE,,NEW ORLEANS,LA,70119,,1106 - GROCERY (EXC CONVENIENCE) STORES
3682535.92918272,532477.493887812,467458,"ROUSE'S ENTERPRISES, LLC",ROUSES MARKET #30,701 ROYAL ST,,NEW ORLEANS,LA,70116,504-447-5998,1106 - GROCERY (EXC CONVENIENCE) STORES
3685596.64418988,557999.040613651,467459,"ROUSE'S ENTERPRISES, LLC",ROUSES MARKET #35(GENTILLY),6600 FRANKLIN AVE,,NEW ORLEANS,LA,70122,,1106 - GROCERY (EXC CONVENIENCE) STORES
3698622.86813739,518977.850939646,467460,"ROUSE'S ENTERPRISES, LLC",ROUSES MARKET #36(DE GAULLE),4001 GENERAL DE GAULLE DR,,NEW ORLEANS,LA,70114,985-447-5998,1106 - GROCERY (EXC CONVENIENCE) STORES
3669522.96275464,524037.168904975,467461,ROUSES ENTERPRISES LLC,ROUSES MARKET #83,4645 FRERET ST,,NEW ORLEANS,LA,70115,,1106 - GROCERY (EXC CONVENIENCE) STORES
3680907.66767547,530296.154746562,467462,"LA 405 CHEN, LLC",S & K GIFT AND SNACKS,201 ST CHARLES AVE,#223,NEW ORLEANS,LA,70170,,1101 - CONVENIENCE STORES
3677446.70412497,538372.73997131,467463,S EXPRESS FOOD STORE LLC,S EXPRESS FOOD STORE,2703 URSULINES AVE,,NEW ORLEANS,LA,70119,,1106 - GROCERY (EXC CONVENIENCE) STORES
3705697.98128372,553095.81026265,467464,HALLA GROUP LLC.,SAM'S FOOD & LIQUOR,8201 CHEF MENTEUR HWY,,NEW ORLEANS,LA,70126,504-610-7012,1106 - GROCERY (EXC CONVENIENCE) STORES
3705343.10075988,558784.365158483,467465,SAMI LLC,SAM'S MEAT MARKET,8426 I 10 E SERVICE RD,,NEW ORLEANS,LA,70127,,1103 - MEAT MARKETS
3670048.82817271,536218.878793478,467466,"SALOMON, ELGIN",SANDWICH SHOP,645 S PIERCE ST,,NEW ORLEANS,LA,70119,504-482-3295,1101 - CONVENIENCE STORES
3687877.38995647,539270.358254805,467467,"MORAN FOODS, LLC",SAVE A LOT #379-5324,1841 ALMONASTER AVE,,NEW ORLEANS,LA,70117,504-942-0897,1106 - GROCERY (EXC CONVENIENCE) STORES
3678840.78270164,549910.555478305,467468,"MORAN FOODS, LLC",SAVE A LOT - 463-4743,4726 PARIS AVE,,NEW ORLEANS,LA,70122,504-282-2966,1106 - GROCERY (EXC CONVENIENCE) STORES
3690762.13845205,539607.714207396,467469,"SAVERS, LLC",SAVERS,3233 N GALVEZ ST,,NEW ORLEANS,LA,70117,504-518-0300,1106 - GROCERY (EXC CONVENIENCE) STORES
3686558.18098071,540472.364709064,467470,SAVERS 2 INC,SAVERS 2,2440 N MIRO ST,,NEW ORLEANS,LA,70117,,1106 - GROCERY (EXC CONVENIENCE) STORES
3686561.6773648,535009.762117222,467471,SCHIRO'S SUPER FOOD STORE INC,SCHIRO'S SUPER FOOD STORE,2483 ROYAL ST,,NEW ORLEANS,LA,70117,504-945-4425,1105 - FULL SVC RESTAURANTS (TABLE SERVICE)
3666405.78099689,556216.911960065,467472,"CRESCENT CITY MARINE GROUP, INC.",SCHUBERT MARINE,126 S ROADWAY ST,,NEW ORLEANS,LA,70124,5042828136,1101 - CONVENIENCE STORES
3696646.56303489,520712.840251818,467473,SEAFOOD ZONE LLC,SEAFOOD ZONE,3600 MACARTHUR BLVD,STE:M,NEW ORLEANS,LA,70114,504-367-0550,1106 - GROCERY (EXC CONVENIENCE) STORES
3679748.40719871,543695.785427555,467474,"SEATON, CAROLYN         SEATON, EDDIE",SEATON SEAFOOD MARKET,3040 PARIS AVE,,NEW ORLEANS,LA,70119,,1104 - FISH & SEAFOOD MARKETS
3683682.5197373,532725.567866728,467475,SIDNEY'S LLC,SIDNEY'S WINE CELLAR,917 DECATUR ST,,NEW ORLEANS,LA,70116,,1106 - GROCERY (EXC CONVENIENCE) STORES
3661207.89801997,523919.398799315,467476,"NGU CORPORATION         NGUYEN, MAN V",SINGLETON MINI MART,7446 GARFIELD ST,,NEW ORLEANS,LA,70118,504-866-4741,1101 - CONVENIENCE STORES
3708738.17861539,553466.788851395,467477,SOHANA GROCERY STORE LLC,SOHANA GROCERY,8900 CHEF MENTEUR HWY,,NEW ORLEANS,LA,70127,504,1101 - CONVENIENCE STORES
3674458.68254197,524928.351833895,467478,TCVAN ASSOCIATION LLC,SOUL'S SEAFOOD MARKET #1,2732 LASALLE ST,,NEW ORLEANS,LA,70113,,1104 - FISH & SEAFOOD MARKETS
3674168.40425113,527496.624584481,467479,"ZAK DANIELS,LLC",SOUTH CLAIBORNE MARKET,2349 S CLAIBORNE AVE,,NEW ORLEANS,LA,70125,,1106 - GROCERY (EXC CONVENIENCE) STORES
3694159.19924322,559583.274977982,467480,COMPAK DELI INC,SPEED RACER,8020 DOWNMAN RD,104,NEW ORLEANS,LA,70126,504-248-2005,1101 - CONVENIENCE STORES
3677790.21065581,546192.572428733,467481,SPIDERS I LLC,SPIDERS  MEAT MARKET,3800 ST BERNARD AVE,,NEW ORLEANS,LA,70122,504-455-8170,1106 - GROCERY (EXC CONVENIENCE) STORES
3677621.90751472,523797.543399975,467482,BROTHERS PETROLEUM LLC,ST CHARLES 155,2139 ST CHARLES AVE,,NEW ORLEANS,LA,70130,,1101 - CONVENIENCE STORES
3696945.51978606,533988.129974142,467483,"RAED 5330,LLC",ST CLAUDE FRESH MARKET,5330 ST CLAUDE AVE,UNIT A,NEW ORLEANS,LA,70117,,1106 - GROCERY (EXC CONVENIENCE) STORES
3678691.81679222,530187.70942539,467484,MAGNOLIA ENTERPRISES INC,ST. CHARLES MARKET,303 ST. CHARLES AVE,,NEW ORLEANS,LA,70130,,1106 - GROCERY (EXC CONVENIENCE) STORES
3678691.81679222,530187.70942539,467485,LUCERO MORAN ENTERPRISES LLC,ST. LOUIS MARKET,730 ST. LOUIS STREET,,NEW ORLEANS,LA,70130,504-451-6811,1106 - GROCERY (EXC CONVENIENCE) STORES
3697685.46974972,533964.925624222,467486,MARK NGUYEN,ST. MAURICE GROCERY,5467 ST CLAUDE AVE,A,NEW ORLEANS,LA,70117,504-000-0000,1106 - GROCERY (EXC CONVENIENCE) STORES
3678741.07456772,522047.122032061,467487,AU LAIT CRU LLC,STEIN'S MARKET AND DELI,2207 MAGAZINE ST,,NEW ORLEANS,LA,70130,504-527-0771,"1169 - MISC STORE RTLERS (EX TOBAC), ALL OTH"
3661828.21600506,529355.470276222,467488,MAMA INC,STOP & CARRY GROCERY,1328 DANTE ST,,NEW ORLEANS,LA,70118,504-866-8347,1101 - CONVENIENCE STORES
3678132.59284505,545426.421073899,467489,STOPJOCKIN,STOPJOCKIN,3600 JUMONVILLE ST,,NEW ORLEANS,LA,70122,,1101 - CONVENIENCE STORES
3684295.61299931,537920.398356318,467490,SUNSHINE FOOD MARKET INC,SUNSHINE FOOD MARKET,2020 N CLAIBORNE AVE,,NEW ORLEANS,LA,70116,504-304-6135,1106 - GROCERY (EXC CONVENIENCE) STORES
3665167.31661031,531372.720834896,467491,I ZENITH INC,SUPER SERVE,8023 S CLAIBORNE AVE,,NEW ORLEANS,LA,70125,504-862-9079,1101 - CONVENIENCE STORES
3678691.81679222,530187.70942539,467492,"BEVO VINO, LLC",SWIRL,3141 3143 PONCE DE LEON ST,,NEW ORLEANS,LA,70119,504-304-0635,"1110 - BEER, WINE & LIQUOR STORES"
3708060.65142713,520202.206102476,467493,SAMZI  G INC,T & T FOOD MART,6419 GENERAL MEYER AVE,,NEW ORLEANS,LA,70131,504-393-0201,1106 - GROCERY (EXC CONVENIENCE) STORES
3679939.70307598,520580.029821888,467494,"JOE KIND SUPERMARKET, INC",T & T SEAFOOD,548 JACKSON AVE,,NEW ORLEANS,LA,70130,,1104 - FISH & SEAFOOD MARKETS
3662062.81625764,531178.38493748,467495,T AND M FOOD MART INC,T AND M FOOD MART,8601 HICKORY ST,,NEW ORLEANS,LA,70118,504-915-9115,1101 - CONVENIENCE STORES
3713172.1457973,554731.153776735,467496,BIEN V NGUYEN,TAN VIET WAREHOUSE,10100 CHEF MENTEUR HWY,,NEW ORLEANS,LA,70127,504-241-9903,1106 - GROCERY (EXC CONVENIENCE) STORES
3665617.24582855,517013.22822848,467497,UPTOWN GAS STATION MANAGLLC,TCHOUP-STOP,5600 TCHOUPITOULAS ST,,NEW ORLEANS,LA,70115,504-595-3112,1101 - CONVENIENCE STORES
3675969.48529464,540603.771270394,467498,"TERRANOVA, BENJAMIN A",TERRANOVA BROS SUPERETTE,3308 ESPLANADE AVE,,NEW ORLEANS,LA,70119,,1101 - CONVENIENCE STORES
3699796.45109205,552111.595367566,467499,TEX MART INC,TEX MART,6733 CHEF MENTEUR HWY,,NEW ORLEANS,LA,70126,504-333-6282,1101 - CONVENIENCE STORES
3674984.8579988,541532.608651564,467500,"THE BAYOU GROCERY, LLC",THE BAYOU GROCERY,3443 ESPLANADE AVE,134,NEW ORLEANS,LA,70119,,1101 - CONVENIENCE STORES
3682222.70080656,537583.267468899,467501,"THE CIRCLE FOOD MARKET,LLC",THE CIRCLE FOOD MARKET,1522 ST BERNARD AVE,,NEW ORLEANS,LA,70116,,1106 - GROCERY (EXC CONVENIENCE) STORES
3668826.61867489,520102.10886173,467502,"CREOLE CONES, INC",THE CREOLE CREAMERY,4924 PRYTANIA ST,,NEW ORLEANS,LA,70115,504-885-7028,1101 - CONVENIENCE STORES
3678691.81679222,530187.70942539,467503,MAGNOLIA ENTERPRISES INC,THE EVERYTHING SHOPPE,444 CANAL ST,,NEW ORLEANS,LA,70130,504-586-0703,"1110 - BEER, WINE & LIQUOR STORES"
3674368.17156814,521508.553883478,467504,"THE FRESH MARKET, INC",THE FRESH MARKET,3338 ST CHARLES AVE,,NEW ORLEANS,LA,70118,336-217-4077,"1111 - SPECIALTY FOOD STORES, ALL OTHER"
3668020.00086555,540769.589180231,467505,THE HERB IMPORT COMPANY INC,THE HERB IMPORT COMPANY,5055 CANAL ST,,NEW ORLEANS,LA,70119,504-488-4889,"1111 - SPECIALTY FOOD STORES, ALL OTHER"
3708380.86338514,558701.173723817,467506,THE LIQUOR STORE DEPOT LLC,THE LIQUOR STORE DEPOT,9301  LAKE FOREST BLVD,109,NEW ORLEANS,LA,70127,504 905 9111,"1110 - BEER, WINE & LIQUOR STORES"
3700694.32396822,518355.953233317,467507,TIGER MART LLC.,TIGER MART,3450 KABEL DR,,NEW ORLEANS,LA,70131,504-394-0240,1101 - CONVENIENCE STORES
3678691.81679222,530187.70942539,467508,THERESA MARIA LLC,TODAY'S CAJUN,1700 ST CLAUDE AVE,,NEW ORLEANS,LA,70116,,1106 - GROCERY (EXC CONVENIENCE) STORES
3678691.81679222,530187.70942539,467509,TOMMY'S SEAFOOD INC,TOMMY'S BLUE CRAB,2103 PARIS RD,1452,NEW ORLEANS,LA,70129,,0135 - FISH & SEAFOOD WHLSRS
3681744.0708583,532672.954782978,467510,"BAHU, INC",TOULOUSE HOUSE,605 DAUPHINE ST,,NEW ORLEANS,LA,70112,504-529-4270,1101 - CONVENIENCE STORES
3730469.23685922,561558.737562478,467511,TRAN LEGACY LLC,TRAN LEGACY LLC,14389 CHEF MENTEUR HWY,,NEW ORLEANS,LA,70129,,1103 - MEAT MARKETS
3693099.69808139,534919.559869811,467512,CHAU TWO CORPORATION,TRUE CAJUN SEAFOOD,4400 ST CLAUDE AVE,,NEW ORLEANS,LA,70117,504-948-8998,1106 - GROCERY (EXC CONVENIENCE) STORES
3692295.93623747,534919.90960665,467513,ROBERT H LUTZ,TRY ME COFFEE MILLS,1014 FRANCE ST,,NEW ORLEANS,LA,70117-5331,504-945-4314,"0138 - GROCERY & RELATED PRDCTS WHLSRS, OTH"
3665535.74271072,526090.779955223,467514,SODEXO MANAGEMENT INC,TULANE CATERING,31 MCALISTER DR,,NEW ORLEANS,LA,70118,504-865-5254,1101 - CONVENIENCE STORES
3713638.12649263,554844.608602315,467515,"TWINS SEAFOOD, LLC",TWINS SEAFOOD,10240 CHEF MENTEUR HWY,,NEW ORLEANS,LA,70127,,1104 - FISH & SEAFOOD MARKETS
3681335.72554639,530910.692231402,467516,SAM & SONS INC.,UNIQUE GENERAL STORE,127 ROYAL ST,,NEW ORLEANS,LA,70130,,1101 - CONVENIENCE STORES
3677792.8090758,527621.649268806,467517,UPTOWN DISCOUNT STORE INC,UPTOWN DISCOUNT STORE,1141 SIMON BOLIVAR AVE,,NEW ORLEANS,LA,70113,504-610-7162,1101 - CONVENIENCE STORES
3674464.04900105,523332.929827899,467518,"UPTOWN FOOD MARKET, INC",UPTOWN FOOD MARKET,2001 SEVENTH ST,,NEW ORLEANS,LA,70115,504-555-1234,1106 - GROCERY (EXC CONVENIENCE) STORES
3678691.81679222,530187.70942539,467519,RICK'S SUPERMARKET INC,UPTOWN SUPERMARKET,1940 DANTE STREET,,NEW ORLEANS,LA,70118,,1101 - CONVENIENCE STORES
3680164.08681355,535366.908384562,467520,THONG SINH INC,V & T FOOD STORE,913 N CLAIBORNE AVE,,NEW ORLEANS,LA,70116,504-827-9997,1106 - GROCERY (EXC CONVENIENCE) STORES
3683658.48664889,533942.829211727,467521,"THE VERTI MARTE, INC",VERTI MARTE INC,1201 ROYAL ST,,NEW ORLEANS,LA,70116,504-525-4767,1101 - CONVENIENCE STORES
3680224.23662764,527522.137328729,467522,VHKR & ASSOCTIATES INC,VHKR & ASSOCIATES INC D/B/A   PRICE BUSTERS,867 ST CHARLES AVE,,NEW ORLEANS,LA,70130,504-529-3759,1101 - CONVENIENCE STORES
3730477.30180372,561883.002990067,467523,HANG VU ENTERPRISES     INC,VIET MY SUPERMARKET,4656 ALCEE FORTIER BLVD,,NEW ORLEANS,LA,70129,504-254-0682,1101 - CONVENIENCE STORES
3784522.17829381,608659.941260144,467524,"VINOT'S MARINA, LLC","VINOT'S MARINA, LLC",27010 CHEF MENTEUR HWY,,NEW ORLEANS,LA,70129,,1101 - CONVENIENCE STORES
3689589.60897297,535812.379606485,467525,"AWAMIRA, LLC",WAGNERS,3200 ST CLAUDE AVE,,NEW ORLEANS,LA,70117,504-301-1548,1106 - GROCERY (EXC CONVENIENCE) STORES
3696937.88856772,515592.136582479,467526,WAL-MART LOUISIANA LLC,WAL-MART  #1163(ALGIERS),4001 BEHRMAN HWY,,NEW ORLEANS,LA,70114,,1106 - GROCERY (EXC CONVENIENCE) STORES
3681231.14701539,520379.061063722,467527,"WAL-MART LOUISIANA, LLC",WAL-MART #5022 (UPTOWN),1901 TCHOUPITOULAS ST,,NEW ORLEANS,LA,70130,504-522-4142,1106 - GROCERY (EXC CONVENIENCE) STORES
3714876.25295338,563881.658769637,467528,"WAL-MART LOUISIANA, LLC",WAL-MART #912(EASTERN NO),6000 BULLARD AVE,,NEW ORLEANS,LA,70128,479-204-6234,1106 - GROCERY (EXC CONVENIENCE) STORES
3690389.84359297,549700.015545055,467529,"WAL-MART LOUISIANA, LLC",WALMART #3167(GENTILLY),4301 CHEF MENTEUR HWY,,NEW ORLEANS,LA,70164,479-204-6234,1106 - GROCERY (EXC CONVENIENCE) STORES
3690709.78980348,537619.414050147,467530,"WE GOT IT, LLC",WE GOT IT,3401 N CLAIBORNE AVE,,NEW ORLEANS,LA,70117,,1101 - CONVENIENCE STORES
3678691.81679222,530187.70942539,467531,"WE SERV,LLC",WE SERV FOOD STORE,3319 N N GALVEZ ST,,NEW ORLEANS,LA,70122,,1106 - GROCERY (EXC CONVENIENCE) STORES
3665624.83702073,549558.150015146,467532,WEST HARRISON DELI & MARKET LLC,WEST HARRISON DELI & MARKET,206 W HARRISON AVE,,NEW ORLEANS,LA,70124,,1106 - GROCERY (EXC CONVENIENCE) STORES
3676178.53244872,535718.605843902,467533,WHOLE FOOD COMPANY INC,WHOLE FOODS MARKET,300 N BROAD ST,,NEW ORLEANS,LA,70119,,1106 - GROCERY (EXC CONVENIENCE) STORES
3665936.5808198,518743.881263226,467534,"WHOLE FOOD COMPANY, INC",WHOLE FOODS MARKET,5600 MAGAZINE ST,,NEW ORLEANS,LA,70115,000-899-9119,1106 - GROCERY (EXC CONVENIENCE) STORES
3679579.76744413,548180.789252818,467535,WILLIBY'S CATFISH LLC,WILLIBY'S CATFISH LLC,4327 PARIS AVE,,NEW ORLEANS,LA,70122,,0135 - FISH & SEAFOOD WHLSRS
3666289.50432655,517007.042545319,467536,WINN DIXIE MONTGOMERY LLC,WINN DIXIE  #1430,5400 TCHOUPITOULAS ST,,NEW ORLEANS,LA,70115,504-895-2966,1106 - GROCERY (EXC CONVENIENCE) STORES
3699383.26917563,520131.051061064,467537,WINN DIXIE MONTGOMERY LLC,WINN DIXIE #1426,3008 HOLIDAY DR,,NEW ORLEANS,LA,70131,504-398-0313,1106 - GROCERY (EXC CONVENIENCE) STORES
3711551.47515413,554861.195183307,467538,WINN DIXIE MONTGOMERY LLC,WINN DIXIE #1439,9701 CHEF MENTEUR HWY,,NEW ORLEANS,LA,70127,504-244-0701,1106 - GROCERY (EXC CONVENIENCE) STORES
3671482.24656571,539704.336389482,467539,WINN DIXIE MONTGOMERY LLC,WINN DIXIE STORE #1472,401 N CARROLLTON AVE,,NEW ORLEANS,LA,70119,,1106 - GROCERY (EXC CONVENIENCE) STORES
3669132.73026739,520092.947462723,467540,ZARA'S LIL GIANT SUPERMA,ZARA'S LIL GIANT SUPERMARKET,4838 PRYTANIA ST,,NEW ORLEANS,LA,70115,504-895-0581,1101 - CONVENIENCE STORES
